0.0,0.0,0.0,0.2460765871682902,0.23886605272000133,0.0006253908692933083,0.0,0.04757653061232751,0.17313941068350427,0.0,0.6521739130434783,0.6552916235780766,0.05063291139240507,0.4014362386278063,1.0,0.05541561712846347,0.0
0.0,0.0,0.0,0.2460765871682902,0.23886605272000133,0.0006253908692933083,0.0,0.04757653061232751,0.17313941068350427,0.03447982551366714,0.6521739130434783,0.6552916235780766,0.05063291139240507,0.4014362386278063,1.0,0.05541561712846347,0.0
0.0,0.0,0.0,0.24333725226738326,0.23726605272000134,0.0006253908692933083,0.0,0.04757653061232751,0.17313941068350427,0.06895965102733428,0.6521739130434783,0.6552916235780766,0.05063291139240507,0.4014362386278063,1.0,0.05541561712846347,0.0
0.0,0.0,0.0,0.24315250251931472,0.23656605272000136,0.0006253908692933083,0.0,0.04757653061232751,0.17313941068350427,0.10343947654100143,0.6521739130434783,0.6552916235780766,0.05063291139240507,0.398941026037348,1.0,0.05541561712846347,0.0
0.0,0.0,0.0,0.24382431978501848,0.23656605272000136,0.0006253908692933083,0.0,0.04757653061232751,0.17313941068350427,0.13791930205466857,0.6521739130434783,0.6552916235780766,0.05063291139240507,0.398941026037348,1.0,0.05541561712846347,0.0
0.0,0.0,0.873015873015873,0.2564360094054417,0.030532631680000227,0.0006253908692933083,0.0,0.04757653061232751,0.17313941068350427,0.0,0.6521739130434783,0.6552916235780766,0.05063291139240507,0.4007977628146122,1.0,0.05541561712846347,0.0
0.0,0.0,0.873015873015873,0.2564360094054417,0.030532631680000227,0.0006253908692933083,0.0,0.04757653061232751,0.17313941068350427,0.03447982551366714,0.6521739130434783,0.6552916235780766,0.05063291139240507,0.4007977628146122,1.0,0.05541561712846347,0.0
0.0,0.0,0.873015873015873,0.25409724554921065,0.028332631680000192,0.0006253908692933083,0.0,0.04757653061232751,0.17313941068350427,0.06895965102733428,0.6521739130434783,0.6552916235780766,0.05063291139240507,0.4268488769514155,1.0,0.05541561712846347,0.0
0.0,0.0,0.873015873015873,0.2539124958011421,0.025932631680000123,0.0006253908692933083,0.0,0.04757653061232751,0.17313941068350427,0.10343947654100143,0.6521739130434783,0.6552916235780766,0.05063291139240507,0.40623591974940787,1.0,0.05541561712846347,0.0
0.0,0.0,0.873015873015873,0.2545843130668458,0.025932631680000123,0.0006253908692933083,0.0,0.04757653061232751,0.17313941068350427,0.13791930205466857,0.6521739130434783,0.6552916235780766,0.05063291139240507,0.40623591974940787,1.0,0.05541561712846347,0.0
0.0,0.0,0.873015873015873,0.2564360094054417,0.030532631680000227,0.0006253908692933083,0.0,0.04757653061232751,0.17313941068350427,0.0,0.6521739130434783,0.6552916235780766,0.05063291139240507,0.4007977628146122,1.0,0.05541561712846347,0.0
0.0,0.0,0.873015873015873,0.2564360094054417,0.030532631680000227,0.0006253908692933083,0.0,0.04757653061232751,0.17313941068350427,0.03447982551366714,0.6521739130434783,0.6552916235780766,0.05063291139240507,0.4007977628146122,1.0,0.05541561712846347,0.0
0.0,0.0,0.873015873015873,0.25409724554921065,0.028332631680000192,0.0006253908692933083,0.0,0.04757653061232751,0.17313941068350427,0.06895965102733428,0.6521739130434783,0.6552916235780766,0.05063291139240507,0.4268488769514155,1.0,0.05541561712846347,0.0
0.0,0.0,0.873015873015873,0.2539124958011421,0.025932631680000123,0.0006253908692933083,0.0,0.04757653061232751,0.17313941068350427,0.10343947654100143,0.6521739130434783,0.6552916235780766,0.05063291139240507,0.40623591974940787,1.0,0.05541561712846347,0.0
0.0,0.0,0.873015873015873,0.2545843130668458,0.025932631680000123,0.0006253908692933083,0.0,0.04757653061232751,0.17313941068350427,0.13791930205466857,0.6521739130434783,0.6552916235780766,0.05063291139240507,0.40623591974940787,1.0,0.05541561712846347,0.0
0.0,0.0,0.0,0.2429845482028888,0.24606578960000136,0.0006253908692933083,0.0,0.04757653061232751,0.17313941068350427,0.10343947654100143,0.6521739130434783,1.0,0.05063291139240507,0.40846338378622016,1.0,0.05541561712846347,0.0
0.0,0.0,0.0,0.23017803157541147,0.24606578960000136,0.0006253908692933083,0.0,0.04757653061232751,0.17313941068350427,0.10343947654100143,0.6521739130434783,0.7931747673216132,0.05063291139240507,0.3764809835438986,1.0,0.05541561712846347,0.0
0.0,0.0,0.0,0.24315250251931472,0.23656605272000136,0.0006253908692933083,0.0,0.04757653061232751,0.17313941068350427,0.10343947654100143,0.6521739130434783,0.6552916235780766,0.05063291139240507,0.398941026037348,1.0,0.05541561712846347,0.0
0.0,0.0,0.0,0.24248068525361102,0.23656605272000136,0.0006253908692933083,0.0,0.04757653061232751,0.17313941068350427,0.10343947654100143,0.6521739130434783,0.4829369183040331,0.05063291139240507,0.398941026037348,1.0,0.05541561712846347,0.0
0.0,0.0,0.873015873015873,0.2537445414847162,0.0392319738800003,0.0006253908692933083,0.0,0.04757653061232751,0.17313941068350427,0.10343947654100143,0.6521739130434783,1.0,0.05063291139240507,0.4065523735088111,1.0,0.05541561712846347,0.0
0.0,0.0,0.873015873015873,0.24085404769902585,0.039431973880000304,0.0006253908692933083,0.0,0.04757653061232751,0.17313941068350427,0.10343947654100143,0.6521739130434783,0.7931747673216132,0.05063291139240507,0.3753899947177577,1.0,0.05541561712846347,0.0
0.0,0.0,0.873015873015873,0.2539124958011421,0.025932631680000123,0.0006253908692933083,0.0,0.04757653061232751,0.17313941068350427,0.10343947654100143,0.6521739130434783,0.6552916235780766,0.05063291139240507,0.40623591974940787,1.0,0.05541561712846347,0.0
0.0,0.0,0.873015873015873,0.39899479341619076,0.025932631680000123,0.0006253908692933083,0.0,0.04757653061232751,0.17313941068350427,0.10343947654100143,0.6521739130434783,0.4829369183040331,0.05063291139240507,0.43924949894057025,1.0,0.05541561712846347,0.0
0.0,0.0,0.873015873015873,0.2537445414847162,0.0392319738800003,0.0006253908692933083,0.0,0.04757653061232751,0.17313941068350427,0.10343947654100143,0.6521739130434783,1.0,0.05063291139240507,0.4065523735088111,1.0,0.05541561712846347,0.0
0.0,0.0,0.873015873015873,0.24085404769902585,0.039431973880000304,0.0006253908692933083,0.0,0.04757653061232751,0.17313941068350427,0.10343947654100143,0.6521739130434783,0.7931747673216132,0.05063291139240507,0.3753899947177577,1.0,0.05541561712846347,0.0
0.0,0.0,0.873015873015873,0.2539124958011421,0.025932631680000123,0.0006253908692933083,0.0,0.04757653061232751,0.17313941068350427,0.10343947654100143,0.6521739130434783,0.6552916235780766,0.05063291139240507,0.40623591974940787,1.0,0.05541561712846347,0.0
0.0,0.0,0.873015873015873,0.39899479341619076,0.025932631680000123,0.0006253908692933083,0.0,0.04757653061232751,0.17313941068350427,0.10343947654100143,0.6521739130434783,0.4829369183040331,0.05063291139240507,0.43924949894057025,1.0,0.05541561712846347,0.0
0.0,0.0,0.0,0.22460194827007052,0.2405660527200013,0.0006253908692933083,0.0,0.04757653061232751,0.17313941068350427,0.13791930205466857,0.6521739130434783,0.6552916235780766,0.05063291139240507,0.3583437726896552,1.0,0.05541561712846347,0.0
0.0,0.0,0.0,0.23936513268390996,0.23656605272000136,0.0006253908692933083,0.0,0.04757653061232751,0.17313941068350427,0.13791930205466857,0.6521739130434783,0.6552916235780766,0.05063291139240507,0.37977187317241384,1.0,0.05541561712846347,0.0
0.0,0.0,0.0,0.24382431978501848,0.23656605272000136,0.0006253908692933083,0.0,0.04757653061232751,0.17313941068350427,0.13791930205466857,0.6521739130434783,0.6552916235780766,0.05063291139240507,0.41043054000000007,1.0,0.05541561712846347,0.0
0.0,0.0,0.0,0.24382431978501848,0.23656605272000136,0.0006253908692933083,0.0,0.04757653061232751,0.17313941068350427,0.13791930205466857,0.6521739130434783,0.6552916235780766,0.05063291139240507,0.43812223910344833,1.0,0.05541561712846347,0.0
0.0,0.0,0.0,0.25149815250251933,0.5595984260800028,0.0006253908692933083,0.0,0.04757653061232751,0.17313941068350427,0.13791930205466857,0.6521739130434783,0.6552916235780766,0.05063291139240507,0.5014175512413793,1.0,0.05541561712846347,0.0
0.0,0.0,0.873015873015873,0.2352779643936849,0.030432631680000183,0.0006253908692933083,0.0,0.04757653061232751,0.17313941068350427,0.13791930205466857,0.6521739130434783,0.6552916235780766,0.05063291139240507,0.3583437726896552,1.0,0.05541561712846347,0.0
0.0,0.0,0.873015873015873,0.2501251259657373,0.025932631680000123,0.0006253908692933083,0.0,0.04757653061232751,0.17313941068350427,0.13791930205466857,0.6521739130434783,0.6552916235780766,0.05063291139240507,0.37977187317241384,1.0,0.05541561712846347,0.0
0.0,0.0,0.873015873015873,0.2545843130668458,0.025932631680000123,0.0006253908692933083,0.0,0.04757653061232751,0.17313941068350427,0.13791930205466857,0.6521739130434783,0.6552916235780766,0.05063291139240507,0.41043054000000007,1.0,0.05541561712846347,0.0
0.0,0.0,0.873015873015873,0.4003384279475982,0.025932631680000123,0.0006253908692933083,0.0,0.04757653061232751,0.17313941068350427,0.13791930205466857,0.6521739130434783,0.6552916235780766,0.05063291139240507,0.43812223910344833,1.0,0.05541561712846347,0.0
0.0,0.0,0.873015873015873,0.4067206919717836,0.4891623738400025,0.0006253908692933083,0.0,0.04757653061232751,0.17313941068350427,0.13791930205466857,0.6521739130434783,0.6552916235780766,0.05063291139240507,0.5014175512413793,1.0,0.05541561712846347,0.0
0.0,0.0,0.873015873015873,0.2352779643936849,0.030432631680000183,0.0006253908692933083,0.0,0.04757653061232751,0.17313941068350427,0.13791930205466857,0.6521739130434783,0.6552916235780766,0.05063291139240507,0.3583437726896552,1.0,0.05541561712846347,0.0
0.0,0.0,0.873015873015873,0.2501251259657373,0.025932631680000123,0.0006253908692933083,0.0,0.04757653061232751,0.17313941068350427,0.13791930205466857,0.6521739130434783,0.6552916235780766,0.05063291139240507,0.37977187317241384,1.0,0.05541561712846347,0.0
0.0,0.0,0.873015873015873,0.2545843130668458,0.025932631680000123,0.0006253908692933083,0.0,0.04757653061232751,0.17313941068350427,0.13791930205466857,0.6521739130434783,0.6552916235780766,0.05063291139240507,0.41043054000000007,1.0,0.05541561712846347,0.0
0.0,0.0,0.873015873015873,0.4003384279475982,0.025932631680000123,0.0006253908692933083,0.0,0.04757653061232751,0.17313941068350427,0.13791930205466857,0.6521739130434783,0.6552916235780766,0.05063291139240507,0.43812223910344833,1.0,0.05541561712846347,0.0
0.0,0.0,0.873015873015873,0.4067206919717836,0.4891623738400025,0.0006253908692933083,0.0,0.04757653061232751,0.17313941068350427,0.13791930205466857,0.6521739130434783,0.6552916235780766,0.05063291139240507,0.5014175512413793,1.0,0.05541561712846347,0.0
0.0,0.0,0.873015873015873,0.4067206919717836,0.4891623738400025,0.0006253908692933083,0.0,0.04757653061232751,0.17313941068350427,0.13791930205466857,0.6521739130434783,0.6552916235780766,0.05063291139240507,0.5034482758620691,1.0,0.05541561712846347,0.0
0.0,0.0,0.873015873015873,0.2545843130668458,0.025932631680000123,0.0006253908692933083,0.0,0.04757653061232751,0.17313941068350427,0.13791930205466857,0.6521739130434783,0.6552916235780766,0.05063291139240507,0.4,1.0,0.05541561712846347,0.0
0.0,0.0,0.8505555555555555,0.26399899227410145,0.0392319738800003,0.0006253908692933083,0.0,0.03755102040824674,0.17313941068350427,0.10343947654100143,0.6521739130434783,1.0,0.05063291139240507,0.46318104455575937,1.0,0.07951826196473552,0.0
0.0,0.0,0.811825396825397,0.279928619415519,0.5757643472400029,0.0006253908692933083,0.0,0.0009579081633519573,0.0353324035388322,0.06896815703769958,0.4782608695652174,1.0,0.17721518987341772,0.49827204323858626,1.0,0.07762909319899244,0.0
0.0,0.0,0.811825396825397,0.279928619415519,0.5757643472400029,0.0006253908692933083,0.0,0.007474489796004452,0.0353324035388322,0.06896815703769958,0.4782608695652174,1.0,0.17721518987341772,0.4982032244565173,1.0,0.07762909319899244,0.0
0.0,0.0,0.8686507936507937,0.27893936849177026,0.5757643472400029,0.0006253908692933083,0.0,0.0225127551021256,0.0353324035388322,0.06896815703769958,0.4782608695652174,1.0,0.17721518987341772,0.4977092572911725,1.0,0.07762909319899244,0.0
0.0,0.0,0.8360714285714286,0.279928619415519,0.5757643472400029,0.0006253908692933083,0.0,0.04757653061232751,0.0353324035388322,0.06896815703769958,0.4782608695652174,1.0,0.17721518987341772,0.49858532276962075,1.0,0.051807304785894216,0.0
0.0,0.0,0.8473412698412699,0.27960530735639905,0.6322007941600016,0.0006253908692933083,0.0,0.09770408163273132,0.0353324035388322,0.06896815703769958,0.4782608695652174,1.0,0.17721518987341772,0.4947130914810344,1.0,0.05159949622166247,0.0
0.0,0.0,0.8742857142857141,0.2886026200873362,0.12789289576000099,0.0006253908692933083,0.0,0.19795918367353896,0.0353324035388322,0.06896815703769958,0.4782608695652174,1.0,0.17721518987341772,0.47307671673793106,1.0,0.1678557934508816,0.0
1.0,0.0,0.11916666666666667,0.02586496472959355,0.25940000000000085,0.011882426516572859,0.0,0.11775510204089285,0.5413563212425899,0.09483015267554125,0.13043478260869565,0.4829369183040331,0.045569620253164564,0.2646000992223446,0.0,0.0580132241813602,0.25
1.0,0.0,0.3494047619047619,0.13501595566006044,0.7668939530400003,0.6194505941213257,0.0,0.08583041853791441,0.9999999999999999,0.2758386041093372,0.6521739130434783,0.17269906928645296,0.03417721518987342,0.6839252529516409,0.0,0.01763224181360202,0.5
1.0,0.0,0.2949603174603174,0.13362865300638224,0.7708978998400002,0.005370419011882427,0.0,0.08666028061354929,0.9999999999999999,0.48271755719134,0.6521739130434783,0.7931747673216132,0.03417721518987342,0.724310159175615,0.0,0.01763224181360202,0.5
0.0,0.0,0.06373015873015875,0.2643164259321465,0.6788078984000007,0.0006253908692933083,0.0,0.0,0.12015833121712968,0.01724416576201622,0.0,1.0,0.08183544303797469,0.5655172413793104,1.0,0.2982273299748111,0.0
0.0,0.0,0.18297619047619051,0.2608532079274437,0.6909707936800015,0.0006253908692933083,0.0,0.0020408163268620673,0.09128423447211548,0.01724416576201622,0.26858695652173914,1.0,0.07901898734177216,0.5586500366896552,1.0,0.044417506297229216,0.0
0.0,0.0,0.18297619047619051,0.2608532079274437,0.6909707936800015,0.0006253908692933083,0.0,0.007142857143014686,0.09128423447211548,0.01724416576201622,0.26858695652173914,1.0,0.07901898734177216,0.5586500366896552,1.0,0.044417506297229216,0.0
0.0,0.0,0.8883333333333332,0.2654182062479006,0.5794667153200022,0.0006253908692933083,0.0,0.0225127551021256,0.09823308726020913,0.01724416576201622,0.12173913043478263,1.0,0.0839240506329114,0.5517241379310345,1.0,0.06664357682619648,0.0
0.0,0.0,0.0654761904761905,0.2556273093718509,0.6374015835200028,0.0006253908692933083,0.0,0.047448979595031596,0.09288582086257828,0.01724416576201622,0.3159347826086957,1.0,0.08610759493670887,0.5449156273103448,1.0,0.03771410579345088,0.0
0.0,0.0,0.8396825396825396,0.2651091703056769,0.6646657944000017,0.0006253908692933083,0.0,0.09795918364727212,0.11172322065826573,0.01724416576201622,0.3923260869565217,1.0,0.1014240506329114,0.531005135724138,1.0,0.03924118387909319,0.0
0.0,0.0,0.06634920634920635,0.2602997984548203,0.6924384251200016,0.0006253908692933083,0.0,0.1479591837105331,0.09407263163612058,0.01724416576201622,0.32841304347826095,1.0,0.08658227848101267,0.5241379310344828,1.0,0.04540302267002518,0.0
0.0,0.0,0.12575396825396826,0.2699991602284179,0.6567393460400013,0.0006253908692933083,0.0,0.19795918367353896,0.09915355616103477,0.01724416576201622,0.33913043478260874,1.0,0.08737341772151899,0.5172413793103449,1.0,0.11393576826196472,0.0
0.0,0.0,0.1113095238095238,0.029411320120927106,0.2717000000000008,0.01617104440275172,0.0,0.03755102040824674,0.866959454918263,0.9999149398963472,0.0,0.8965873836608066,0.05063291139240507,0.28087627645541935,0.0,0.6220591939546599,0.25
0.0,0.0,0.11087301587301587,0.02586496472959355,0.30679986844000073,0.004127267041901189,0.0,0.04757653061232751,0.9374363236792288,0.06896815703769958,0.33913043478260874,1.0,0.1139240506329114,0.33029066740272106,0.0,0.036523929471032744,0.25
0.0,0.0,0.10694444444444445,0.02586496472959355,0.292366184280001,0.005315196998123827,0.0,0.04757653061232751,0.9374363236792288,0.12069214831338292,0.21739130434782608,0.7414684591520165,0.05063291139240507,0.2698793975737526,0.0,0.036523929471032744,0.25
0.0,0.0,0.06853174603174603,0.05542492442055761,0.30120000000000063,0.009017510944340213,0.0,0.238061224489862,0.9374363236792288,0.06896815703769958,0.33913043478260874,1.0,0.1139240506329114,0.3233024062130657,0.0,0.036523929471032744,0.25
0.0,0.0,0.11087301587301587,0.02586496472959355,0.27349986844000046,0.004127267041901189,0.0,0.02752551020416598,0.9374363236792288,0.06896815703769958,0.33913043478260874,1.0,0.1139240506329114,0.3308842370784969,0.0,0.036523929471032744,0.25
0.0,0.0,0.1113095238095238,0.02603291904601948,0.30679986844000073,0.004127267041901189,0.0,0.052589285714367884,0.9374363236792288,0.06896815703769958,0.33913043478260874,1.0,0.1139240506329114,0.3298591193468589,0.0,0.036523929471032744,0.25
0.0,0.0,0.10781746031746031,0.02603291904601948,0.30500000000000066,0.00450750469043152,0.0,0.11775510204089285,0.9374363236792288,0.06896815703769958,0.33913043478260874,1.0,0.1139240506329114,0.3241803225737554,0.0,0.036523929471032744,0.25
1.0,0.0,0.1746031746031746,0.02586496472959355,0.12,0.001876172607879925,0.0,0.1157500000000767,0.37362137359148084,0.05862335878256289,0.09565217391304348,0.4829369183040331,0.037974683544303806,0.19409977454411176,0.0,0.9999999999999999,0.5
1.0,0.0,0.1746031746031746,0.02586496472959355,0.12,0.001876172607879925,0.0,0.09117860161788495,0.37362137359148084,0.09483015267554125,0.09565217391304348,0.4829369183040331,0.037974683544303806,0.18942955623781843,0.0,0.9999999999999999,0.5
1.0,0.0,0.1746031746031746,0.02586496472959355,0.12,0.001876172607879925,0.0,0.06982248520474904,0.37362137359148084,0.22414013086474965,0.09565217391304348,0.4829369183040331,0.037974683544303806,0.1907268283109218,0.0,0.9999999999999999,0.5
1.0,0.0,0.1746031746031746,0.02586496472959355,0.12,0.001876172607879925,0.0,0.0669750030230146,0.37362137359148084,0.353450109053958,0.09565217391304348,0.4829369183040331,0.037974683544303806,0.1907268283109218,0.0,0.9999999999999999,0.5
1.0,0.0,0.1746031746031746,0.02586496472959355,0.12,0.001876172607879925,0.0,0.05273759207424032,0.37362137359148084,0.48276008724316644,0.09565217391304348,0.4829369183040331,0.037974683544303806,0.19081310857505973,0.0,0.9999999999999999,0.5
1.0,0.0,0.1746031746031746,0.02586496472959355,0.12,0.001876172607879925,0.0,0.02953061224498213,0.37362137359148084,1.0,0.09565217391304348,0.4829369183040331,0.037974683544303806,0.1912693070124734,0.0,0.9999999999999999,0.5
1.0,0.0,0.1746031746031746,0.02586496472959355,0.12,0.001876172607879925,0.0,0.12477295918374937,0.37362137359148084,1.0,0.09565217391304348,0.4829369183040331,0.037974683544303806,0.18732507857126668,0.0,0.9999999999999999,0.5
1.0,0.0,0.1746031746031746,0.02586496472959355,0.12,0.001876172607879925,0.0,0.0225127551021256,0.37362137359148084,0.05862335878256289,0.09565217391304348,0.4829369183040331,0.037974683544303806,0.19889756019031862,0.0,0.9999999999999999,0.5
0.0,0.0,0.8004365079365079,0.02586496472959355,0.040000000000000036,0.00375234521575985,0.0,0.05760204081640827,0.9374363236792288,0.06896815703769958,0.33913043478260874,1.0,0.1139240506329114,0.33091683541289907,0.0,0.036523929471032744,0.25
0.0,0.0,0.11174603174603176,0.02586496472959355,0.28,0.00375234521575985,0.0,0.05760204081640827,0.9374363236792288,0.06896815703769958,0.33913043478260874,1.0,0.1139240506329114,0.329893748840652,0.0,0.036523929471032744,0.25
0.0,0.0,0.15539682539682542,0.02586496472959355,0.5200000000000001,0.00375234521575985,0.0,0.05760204081640827,0.9374363236792288,0.06896815703769958,0.33913043478260874,1.0,0.1139240506329114,0.3411523274919164,0.0,0.036523929471032744,0.25
0.0,0.0,0.21825396825396826,0.02586496472959355,0.9999999999999999,0.00375234521575985,0.0,0.05760204081640827,0.9374363236792288,0.06896815703769958,0.33913043478260874,1.0,0.1139240506329114,0.609427917601046,0.0,0.036523929471032744,0.25
0.0,0.0,0.834484126984127,0.02586496472959355,0.040000000000000036,0.00012507817385866166,0.0,0.05760204081640827,0.9374363236792288,0.06896815703769958,0.33913043478260874,1.0,0.1139240506329114,0.33091683541289907,0.0,0.036523929471032744,0.25
0.0,0.0,1.0,0.2695666778636211,0.07842907956000061,0.0006253908692933083,0.0,0.05760204081640827,0.03773576885364462,0.14655414395122457,0.5652173913043479,0.7931747673216132,0.09683544303797469,0.4321708490576302,1.0,0.049118387909319904,0.25
0.0,0.0,1.0,0.2695666778636211,0.07842907956000061,0.0,0.0,0.05760204081640827,0.03773576885364462,0.14655414395122457,0.5652173913043479,0.7931747673216132,0.09683544303797469,0.43336050423004396,1.0,0.049118387909319904,0.25
1.0,0.0,0.873015873015873,0.0,0.94657896,0.0006253908692933083,0.0,0.09770408163273132,0.04785750318966656,0.3103184296230043,0.8260869565217392,0.059885306008273013,0.005949367088607594,0.596343123913179,0.0,0.0,1.0
0.0,0.5,0.23698412698412702,0.9999999999999999,0.6498240850800033,0.0006253908692933083,1.0,0.007474489796004452,0.0002503783416323538,0.13791930205466857,0.30434782608695654,0.7931747673216132,0.6202531645569621,1.0,1.0,0.01133501259445844,0.25
0.0,0.5,0.23698412698412702,0.9999999999999999,0.6498240850800033,0.0006253908692933083,1.0,0.0225127551021256,0.0002503783416323538,0.13791930205466857,0.30434782608695654,0.7931747673216132,0.6202531645569621,1.0,1.0,0.01133501259445844,0.25
0.0,0.5,0.2598809523809524,0.9999999999999999,0.7066272425200022,0.0006253908692933083,1.0,0.09770408163273132,0.0002503783416323538,0.13791930205466857,0.30434782608695654,0.7931747673216132,0.6202531645569621,1.0,1.0,0.01133501259445844,0.25
1.0,0.0,0.6901587301587302,0.09223631172321128,0.09836460555999968,0.0019443402126328954,0.0,0.08091033931611817,0.054126235208423794,0.05603715921877872,0.6521739130434783,0.4829369183040331,0.022801107594936715,0.2062201480743533,0.0,0.05423173803526448,0.5
1.0,0.0,0.6749603174603176,0.0843542156533423,0.10809999999999975,0.624765478424015,0.0,0.1879336734694582,0.07292006687801539,0.09483015267554125,0.4782608695652174,0.4829369183040331,0.05063291139240507,0.19972415619892514,0.0,0.05919395465994962,0.5
0.0,0.0,0.17765873015873018,0.11718592542828352,0.17843131608000024,0.06705628517823639,0.0,0.09770408163273132,0.0710613067246797,0.12365866491036777,0.0,0.4254854188210962,0.02215189873417722,0.27543555037155065,0.0,0.01133501259445844,0.75
0.0,0.0,0.17765873015873018,0.11718592542828352,0.17843131608000024,0.06705628517823639,0.0,0.09770408163273132,0.0710613067246797,0.12365866491036777,0.043478260869565216,0.4254854188210962,0.02215189873417722,0.27543555037155065,0.0,0.01133501259445844,0.75
0.0,0.0,0.7116666666666667,0.1330643265031911,0.16706250060000044,0.05498311444652908,0.0,0.09770408163273132,0.040921451777130406,0.06903909704938349,0.08695652173913043,0.4254854188210962,0.02215189873417722,0.24289154639215577,0.0,0.01133501259445844,0.75
0.0,0.0,0.7437301587301586,0.13368323815922067,0.16826250060000048,0.054986241400875546,0.0,0.09770408163273132,0.040921451777130406,0.06895289748559932,0.13043478260869565,0.4254854188210962,0.02215189873417722,0.24289154639215577,0.0,0.01133501259445844,0.75
0.0,0.0,0.1003968253968254,0.059690124286194156,0.25960000000000066,0.6808649155722326,0.0,0.08483766376040806,0.14808302916970167,0.07121345602225708,0.7391304347826088,0.2761116856256463,0.0012658227848101264,0.1153745472401021,0.0,0.29497166246851386,0.75
0.0,0.0,0.1003968253968254,0.059690124286194156,0.25960000000000066,0.6808649155722326,0.0,0.08483766376040806,0.14808302916970167,0.07121345602225708,0.7391304347826088,0.2761116856256463,0.0012658227848101264,0.1153745472401021,0.0,0.29497166246851386,0.75
0.0,0.0,0.7123412698412699,0.06516291568693316,0.11469999999999989,0.6673364602876798,0.0,0.017500000000085215,0.14808302916970167,0.06928073437249424,0.7391304347826088,0.2761116856256463,0.0012658227848101264,0.11222754897377651,0.0,0.31619017632241814,0.75
0.0,0.0,0.24984126984126986,0.7396624118239837,0.7026307946400017,0.005611006879299563,0.0,1.0,0.37362137359148084,0.04310616139985789,0.3392318840579711,1.0,0.189873417721519,0.785169373242544,1.0,0.01763224181360202,0.75
1.0,0.0,0.0,0.05945582801477998,0.28,0.10569105691056911,0.0,0.09770408163273132,0.15770000613251992,0.04310616139985789,0.0,0.40016602171664867,0.037974683544303806,0.1526498775103764,0.0,0.6650535264483627,0.5
1.0,0.0,0.08817460317460318,0.06829694323144105,0.24623144764000088,0.002442151344590369,0.0,0.08767857142865056,0.04760049217673046,0.06895965102733428,0.4782608695652174,0.4829369183040331,0.02531645569620253,0.18476296221869337,0.0,0.048646095717884134,0.75
0.0,0.0,0.14884920634920637,0.0911210950621431,0.7378646103600015,0.001643568897227434,1.0,0.01649744897967714,0.16250756484623627,0.04310616139985789,0.6956521739130436,1.0,0.08797468354430381,0.6758674175107308,0.0,0.04487090680100756,0.75
0.0,0.0,0.7648809523809523,0.07257138058448102,0.06849828972000074,0.0016887116948092556,1.0,0.01649744897967714,0.16348618955820796,0.04310616139985789,0.6956521739130436,1.0,0.08708860759493672,0.37212444265576694,0.0,0.07500629722921914,0.0
0.0,0.0,0.780515873015873,0.09458599261001008,0.1302636846399997,0.001121013133208255,0.0,0.09519770408171113,0.016538571869240605,0.08660689982448866,0.35538405797101447,0.6587383660806618,0.06329113924050633,0.21374077610161168,0.0,0.02896725440806045,0.5
1.0,0.0,0.15321428571428572,0.09385455156197514,0.3121975003600016,0.6520839066082968,1.0,0.04757653061232751,0.016538571869240605,0.04310616139985789,0.33043478260869563,0.08996897621509825,0.06329113924050633,0.2071515539500947,0.0,0.02896725440806045,0.5
1.0,0.0,0.7262698412698414,0.09516291568693316,0.15283052672000014,0.6518212424431936,1.0,0.04757653061232751,0.016538571869240605,0.06896815703769958,0.33043478260869563,0.08996897621509825,0.06329113924050633,0.20542804156772515,0.0,0.02896725440806045,0.5
1.0,0.0,0.27214285714285713,0.13644944575075577,0.7227355308000011,0.691541588492808,1.0,0.04757653061232751,0.016538571869240605,0.12069214831338292,0.33043478260869563,0.08996897621509825,0.06329113924050633,0.7638396512682615,0.0,0.02896725440806045,0.5
1.0,0.0,0.2723809523809524,0.13201797111185756,0.7227355308000011,0.6890231394621639,1.0,0.04757653061232751,0.016538571869240605,0.17241613958906632,0.33043478260869563,0.08996897621509825,0.06329113924050633,0.6133128761260633,0.0,0.02896725440806045,0.5
1.0,0.0,0.27214285714285713,0.13644944575075577,0.7227355308000011,0.691541588492808,1.0,0.04757653061232751,0.016538571869240605,0.12069214831338292,0.33043478260869563,0.0,0.06329113924050633,0.7638396512682615,0.0,0.02896725440806045,0.5
1.0,0.0,0.27214285714285713,0.13644944575075577,0.7227355308000011,0.691541588492808,1.0,0.04757653061232751,0.016538571869240605,0.12069214831338292,0.33043478260869563,0.03412616339193381,0.06329113924050633,0.7638396512682615,0.0,0.02896725440806045,0.5
1.0,0.0,0.27214285714285713,0.13644944575075577,0.7227355308000011,0.691541588492808,1.0,0.04757653061232751,0.016538571869240605,0.12069214831338292,0.33043478260869563,0.08996897621509825,0.06329113924050633,0.7638396512682615,0.0,0.02896725440806045,0.5
1.0,0.0,0.27214285714285713,0.13644944575075577,0.7227355308000011,0.74400875547217,1.0,0.04757653061232751,0.016538571869240605,0.12069214831338292,0.33043478260869563,0.19338159255429163,0.06329113924050633,0.7638396512682615,0.0,0.02896725440806045,0.5
1.0,0.0,0.21670634920634924,0.13471951629156867,0.7287361886000008,0.3067595372107567,1.0,0.04757653061232751,0.016538571869240605,0.12069214831338292,0.33043478260869563,0.30713547052740436,0.06329113924050633,0.7837645036096409,0.0,0.02896725440806045,0.5
1.0,0.0,0.19948412698412699,0.12875041988579106,0.7247361886000009,0.002488617886178862,1.0,0.04757653061232751,0.016538571869240605,0.12069214831338292,0.33043478260869563,0.4829369183040331,0.06329113924050633,0.6395500879461293,0.0,0.02896725440806045,0.5
0.0,0.0,0.3113095238095238,0.26723043332213636,0.7082034253600004,0.9999999999999999,0.0,0.1277806122449736,0.005261654644392875,0.13791930205466857,0.13043478260869565,0.17269906928645296,0.03417721518987342,0.6896551724137931,1.0,0.11838790931989923,0.75
0.0,0.0,0.7606349206349208,0.2323681558616056,0.07839789504000072,0.9999999999999999,0.0,0.1277806122449736,0.005261654644392875,0.13791930205466857,0.13043478260869565,0.17269906928645296,0.03417721518987342,0.3448275862068966,1.0,0.11838790931989923,0.75
0.0,0.0,0.7606349206349208,0.2317215317433658,0.12729802659999997,0.9999999999999999,0.0,0.1277806122449736,0.005261654644392875,0.13791930205466857,0.13043478260869565,0.17269906928645296,0.03417721518987342,0.206896551724138,1.0,0.11838790931989923,0.75
0.0,0.0,0.7606349206349208,0.23361437688948605,0.12999802659999998,0.9999999999999999,0.0,0.1277806122449736,0.005261654644392875,0.13791930205466857,0.13043478260869565,0.17269906928645296,0.03417721518987342,0.0,1.0,0.11838790931989923,0.75
0.0,0.0,0.7606349206349208,0.2319743029895868,0.12999802659999998,0.9999999999999999,0.0,0.1277806122449736,0.005261654644392875,0.13791930205466857,0.13043478260869565,0.17269906928645296,0.03417721518987342,0.0,1.0,0.11838790931989923,0.5
0.0,0.0,0.7606349206349208,0.2319743029895868,0.12999802659999998,0.9975046904315197,0.0,0.1277806122449736,0.005261654644392875,0.13791930205466857,0.13043478260869565,0.17269906928645296,0.03417721518987342,0.0,1.0,0.11838790931989923,0.5
0.0,0.0,0.7606349206349208,0.22991350352704062,0.12729802659999997,0.9999999999999999,0.0,0.1277806122449736,0.005261654644392875,0.13791930205466857,0.13043478260869565,0.17269906928645296,0.03417721518987342,0.206896551724138,1.0,0.11838790931989923,0.5
0.0,0.0,0.7606349206349208,0.23056012764528047,0.07839789504000072,0.9999999999999999,0.0,0.1277806122449736,0.005261654644392875,0.13791930205466857,0.13043478260869565,0.17269906928645296,0.03417721518987342,0.3448275862068966,1.0,0.11838790931989923,0.5
0.0,0.0,0.3113095238095238,0.2660858246556937,0.7106073721599999,0.9999999999999999,0.0,0.1277806122449736,0.005261654644392875,0.13791930205466857,0.13043478260869565,0.17269906928645296,0.03417721518987342,0.6896551724137931,1.0,0.11838790931989923,0.5
0.0,0.0,0.30158730158730157,0.883607658716829,0.6588935583600031,0.00012507817385866166,0.0,0.04757653061232751,0.010272930947153397,0.04704973296416197,0.32208695652173913,0.975589179774043,0.7538306962025317,0.824666791542414,1.0,0.023136020151133495,0.0
0.0,0.0,0.30158730158730157,0.883607658716829,0.6588935583600031,0.00012507817385866166,0.0,0.04757653061232751,0.010272930947153397,0.04704973296416197,0.32208695652173913,0.975589179774043,0.7538306962025317,0.824666791542414,1.0,0.023136020151133495,0.0
0.0,0.0,0.7473412698412698,0.11873866308364127,0.15046447400000013,0.013681519699812385,0.0,0.11165285116740117,0.18568305689556494,0.04310616139985789,0.0,0.4829369183040331,0.010126582278481011,0.268441996749855,0.0,0.01133501259445844,0.75
0.0,0.0,0.3190873015873016,0.14540896876049714,0.7511925058800004,0.003736647904940588,0.0,0.10936073803253772,0.18568305689556494,0.04310616139985789,0.6521739130434783,0.4829369183040331,0.010126582278481011,0.7131283523176676,0.0,0.01133501259445844,0.75
0.0,0.0,0.36099206349206353,0.1435984212294256,0.7511925058800004,0.003741651031894934,0.0,0.1125447939036235,0.18568305689556494,0.04310616139985789,0.8260869565217392,0.4829369183040331,0.010126582278481011,0.7131283523176676,0.0,0.01133501259445844,0.75
0.0,0.0,0.36099206349206353,0.1435984212294256,0.7511925058800004,0.003741651031894934,0.0,0.11239566443933781,0.18568305689556494,0.04310616139985789,1.0,0.4829369183040331,0.010126582278481011,0.7131283523176676,0.0,0.01133501259445844,0.75
0.0,0.0,0.736031746031746,0.0708406113537118,0.09573250011999956,0.0011075932874713363,0.0,0.09569897959191517,0.17313941066471045,0.10343947395480187,0.6521739130434783,1.0,0.05063291139240507,0.227843769554258,0.0,0.17493073047858942,0.5
0.0,0.0,0.05587301587301588,0.25889066174000674,0.24803092140000127,0.0007176099645611839,0.0,0.11775510204089285,0.04236759007058635,0.0988930560933707,0.49141304347826087,0.503206987620818,0.04183386075949368,0.398029869925187,1.0,0.05443324937027708,0.0
0.0,0.0,0.8870634920634921,0.2774680886798791,0.09776026408000094,0.0006253908692933083,0.0,0.11775510204089285,0.04975738743924034,0.09600955411170388,0.509413043478261,0.5085671541138743,0.044436550632911395,0.48105461680531947,1.0,0.05346662468513854,0.0
0.0,0.0,0.05587301587301588,0.25889066174000674,0.24803092140000127,0.0007176099645611839,0.0,0.11775510204089285,0.04236759007058635,0.0988930560933707,0.49141304347826087,0.503206987620818,0.04183386075949368,0.398029869925187,1.0,0.05443324937027708,0.0
0.0,0.0,0.05587301587301588,0.25889066174000674,0.24803092140000127,0.0007176099645611839,0.0,0.11775510204089285,0.04236759007058635,0.0988930560933707,0.49141304347826087,0.503206987620818,0.04183386075949368,0.398029869925187,1.0,0.05443324937027708,0.0
1.0,0.0,0.226984126984127,0.024525529056096743,0.13989999999999886,0.004371482176360225,0.0,0.11775510204089285,0.37362137359148084,0.09483015267554125,0.09565217391304348,0.4829369183040331,0.0,0.18732507857126668,0.0,0.8571442065491184,0.5
1.0,0.0,0.226984126984127,0.024525529056096743,0.13989999999999886,0.004371482176360225,0.0,0.11775510204089285,0.37362137359148084,0.09483015267554125,0.09565217391304348,0.4829369183040331,0.012658227848101267,0.18732507857126668,0.0,0.8570245591939546,0.5
1.0,0.0,0.12833333333333333,0.02678871346993618,0.25380000000000075,0.004779549718574109,0.0,0.11775510204089285,0.37362137359148084,0.09483015267554125,0.09565217391304348,0.4829369183040331,0.02531645569620253,0.17551167062344275,0.0,0.8136335012594458,0.5
1.0,0.0,0.6811904761904761,0.031776956667786356,0.1088999999999995,0.005928705440900563,0.0,0.11775510204089285,0.37362137359148084,0.09483015267554125,0.09565217391304348,0.4829369183040331,0.037974683544303806,0.17498151323254285,0.0,0.7602613350125945,0.5
1.0,0.0,0.7169841269841271,0.031776956667786356,0.08869999999999936,0.0018667917448405252,0.0,0.11775510204089285,0.37362137359148084,0.09483015267554125,0.09565217391304348,0.4829369183040331,0.045569620253164564,0.21646888141326714,0.0,0.6611744332493702,0.5
1.0,0.0,0.226984126984127,0.024525529056096743,0.11999999999999844,0.001876172607879925,0.0,0.11775510204089285,0.37362137359148084,0.09483015267554125,0.09565217391304348,0.4829369183040331,0.0,0.18732507857126668,0.0,0.8571442065491184,0.5
1.0,0.0,0.226984126984127,0.024525529056096743,0.11999999999999844,0.001876172607879925,0.0,0.11775510204089285,0.37362137359148084,0.09483015267554125,0.09565217391304348,0.4829369183040331,0.012658227848101267,0.18732507857126668,0.0,0.8570245591939546,0.5
1.0,0.0,0.12833333333333333,0.02678871346993618,0.2360000000000007,0.001876172607879925,0.0,0.11775510204089285,0.37362137359148084,0.09483015267554125,0.09565217391304348,0.4829369183040331,0.02531645569620253,0.17551167062344275,0.0,0.8136335012594458,0.5
1.0,0.0,0.7135714285714285,0.031776956667786356,0.08869999999999936,0.001876172607879925,0.0,0.11775510204089285,0.37362137359148084,0.09483015267554125,0.09565217391304348,0.4829369183040331,0.037974683544303806,0.17498151323254285,0.0,0.7602613350125945,0.5
1.0,0.0,0.7169841269841271,0.031776956667786356,0.08869999999999936,0.001876172607879925,0.0,0.11775510204089285,0.37362137359148084,0.09483015267554125,0.09565217391304348,0.4829369183040331,0.045569620253164564,0.21646888141326714,0.0,0.6611744332493702,0.5
1.0,1.0,0.7179365079365079,0.03043752099428955,0.0880999999999994,0.001876172607879925,0.0,0.11775510204089285,0.37362137359148084,0.09483015267554125,0.09565217391304348,0.4829369183040331,0.0,0.24087609247217034,0.0,0.4401668765743073,0.5
1.0,1.0,0.7179365079365079,0.03043752099428955,0.0880999999999994,0.001876172607879925,0.0,0.11775510204089285,0.37362137359148084,0.09483015267554125,0.09565217391304348,0.4829369183040331,0.012658227848101267,0.24087609247217034,0.0,0.4370340050377834,0.5
1.0,1.0,0.7126984126984126,0.032700705408128986,0.0880999999999994,0.001876172607879925,0.0,0.11775510204089285,0.37362137359148084,0.09483015267554125,0.09565217391304348,0.4829369183040331,0.02531645569620253,0.24087609247217034,0.0,0.43651763224181367,0.5
1.0,1.0,0.7135714285714285,0.031776956667786356,0.0880999999999994,0.001876172607879925,0.0,0.11775510204089285,0.37362137359148084,0.09483015267554125,0.09565217391304348,0.4829369183040331,0.037974683544303806,0.24087609247217034,0.0,0.518661838790932,0.5
1.0,1.0,0.7169841269841271,0.031776956667786356,0.08459999999999943,0.001876172607879925,0.0,0.11775510204089285,0.37362137359148084,0.09483015267554125,0.09565217391304348,0.4829369183040331,0.045569620253164564,0.2823634606528945,0.0,0.4790176322418136,0.5
0.1075,0.0,0.7758333333333334,0.41132012092710785,0.04639736880000017,0.0006253908692933083,0.0,1.0,0.0353324035388322,0.09483015267554125,0.4782608695652174,0.6526447305190783,0.04906170886075949,0.4066784543510983,1.0,0.14713790931989923,0.5
1.0,0.0,0.14186507936507936,0.038076083305340944,0.30210000000000126,0.0684161976235147,0.0,0.09840586734701698,0.37362137359148084,0.02500276445336872,0.0,0.3795243019648397,0.012658227848101267,0.19344932278964072,0.0,0.4142506297229219,0.0
1.0,0.0,0.678452380952381,0.12295851528384279,0.1315313160799998,0.004948717948717948,0.0,0.3784183673469927,0.0002503783416323538,0.06895965102733428,0.26956521739130435,1.0,0.05063291139240507,0.22917508426188188,0.0,0.09926637279596975,0.5
1.0,0.0,0.680952380952381,0.11022337924084649,0.12979802659999995,0.055120700437773604,0.0,0.03755102040824674,0.0033828897005264867,0.030175163580937053,0.6521739130434783,0.3795243019648397,0.007594936708860758,0.11948955658086557,0.0,0.14357682619647355,0.5
1.0,0.0,0.6875,0.10902082633523683,0.12979802659999995,0.055120700437773604,0.0,0.03755102040824674,0.0,0.030175163580937053,0.9652173913043478,0.3795243019648397,0.007594936708860758,0.11948955658086557,0.0,0.14357682619647355,0.5
1.0,0.0,0.680952380952381,0.11022337924084649,0.12979802659999995,0.055120700437773604,0.0,0.03755102040824674,0.0,0.030175163580937053,0.6521739130434783,0.3795243019648397,0.007594936708860758,0.11948955658086557,0.0,0.14357682619647355,0.5
0.0,0.0,0.22496031746031747,0.7962630164595229,0.7151690834000012,0.000375234521575985,0.0,0.09770408163273132,0.10756487185503981,0.04310616139985789,0.30434782608695654,0.7822892287487073,1.0,0.8022208060941178,1.0,0.03341939546599496,0.0
0.0,0.0,0.22496031746031747,0.7962630164595229,0.7151690834000012,0.000375234521575985,0.0,0.09770408163273132,0.10756487185503981,0.04310616139985789,0.30434782608695654,0.7822892287487073,1.0,0.8022208060941178,1.0,0.03341939546599496,0.0
0.0,0.0,0.22496031746031747,0.7962630164595229,0.7151690834000012,0.000375234521575985,0.0,0.09770408163273132,0.10756487185503981,0.04310616139985789,0.30434782608695654,0.7822892287487073,1.0,0.8022208060941178,1.0,0.03341939546599496,0.0
0.0,0.0,0.22496031746031747,0.7962630164595229,0.7151690834000012,0.000375234521575985,0.0,0.09770408163273132,0.10756487185503981,0.04310616139985789,0.30434782608695654,0.7822892287487073,1.0,0.8022208060941178,1.0,0.03341939546599496,0.0
0.0,0.0,0.22496031746031747,0.7962630164595229,0.7151690834000012,0.000375234521575985,0.0,0.09770408163273132,0.10756487185503981,0.04310616139985789,0.30434782608695654,0.7822892287487073,1.0,0.8022208060941178,1.0,0.03341939546599496,0.0
0.0,0.0,0.2,0.7707339603627812,0.7114643472400015,0.000375234521575985,0.0,0.09770408163273132,0.18078307369319166,0.04310616139985789,0.6521739130434783,0.7822892287487073,1.0,0.7891836952096108,1.0,0.04030856423173803,0.0
0.0,0.0,0.2,0.7707339603627812,0.7114643472400015,0.000375234521575985,0.0,0.09770408163273132,0.18078307369319166,0.04310616139985789,0.6521739130434783,0.7822892287487073,1.0,0.7891836952096108,1.0,0.04030856423173803,0.0
0.0,0.0,0.2,0.7707339603627812,0.7114643472400015,0.000375234521575985,0.0,0.09770408163273132,0.18078307369319166,0.04310616139985789,0.6521739130434783,0.7822892287487073,1.0,0.7891836952096108,1.0,0.04030856423173803,0.0
0.0,0.0,0.2,0.7707339603627812,0.7114643472400015,0.000375234521575985,0.0,0.09770408163273132,0.18078307369319166,0.04310616139985789,0.6521739130434783,0.7822892287487073,1.0,0.7891836952096108,1.0,0.04030856423173803,0.0
0.0,0.0,0.2,0.7707339603627812,0.7114643472400015,0.000375234521575985,0.0,0.09770408163273132,0.18078307369319166,0.04310616139985789,0.6521739130434783,0.7822892287487073,1.0,0.7891836952096108,1.0,0.04030856423173803,0.0
0.0,0.0,0.2,0.7707339603627812,0.7114643472400015,0.000375234521575985,0.0,0.09770408163273132,0.18078307369319166,0.04310616139985789,0.6521739130434783,0.7822892287487073,1.0,0.7891836952096108,1.0,0.04030856423173803,0.0
0.0,0.0,0.2,0.7707339603627812,0.7114643472400015,0.000375234521575985,0.0,0.09770408163273132,0.18078307369319166,0.04310616139985789,0.6521739130434783,0.7822892287487073,1.0,0.7891836952096108,1.0,0.04030856423173803,0.0
1.0,1.0,0.1746031746031746,0.02586496472959355,0.12,0.001876172607879925,0.0,0.09770408163273132,0.37362137359148084,0.09483015267554125,0.4782608695652174,0.4829369183040331,0.037974683544303806,0.27238100364563456,0.0,0.05919395465994962,0.5
1.0,0.5,0.1746031746031746,0.02586496472959355,0.12,0.001876172607879925,0.0,0.09770408163273132,0.37362137359148084,0.09483015267554125,0.4782608695652174,0.4829369183040331,0.037974683544303806,0.27238100364563456,0.0,0.05919395465994962,0.5
1.0,0.0,0.1746031746031746,0.02586496472959355,0.12,0.001876172607879925,0.0,0.09770408163273132,0.37362137359148084,0.09483015267554125,0.4782608695652174,0.4829369183040331,0.037974683544303806,0.20833877929937034,0.0,0.05919395465994962,0.5
0.0,0.0,0.811825396825397,0.279928619415519,0.5757643472400029,0.0006253908692933083,0.0,0.0009579081633519573,0.0353324035388322,0.06896815703769958,0.4782608695652174,1.0,0.17721518987341772,0.49827204323858626,1.0,0.07762909319899244,0.0
0.0,0.0,0.811825396825397,0.279928619415519,0.5757643472400029,0.0006253908692933083,0.0,0.007474489796004452,0.0353324035388322,0.06896815703769958,0.4782608695652174,1.0,0.17721518987341772,0.4982032244565173,1.0,0.07762909319899244,0.0
0.0,0.0,0.8686507936507937,0.27893936849177026,0.5757643472400029,0.0006253908692933083,0.0,0.0225127551021256,0.0353324035388322,0.06896815703769958,0.4782608695652174,1.0,0.17721518987341772,0.4977092572911725,1.0,0.07762909319899244,0.0
0.0,0.0,0.8360714285714286,0.279928619415519,0.5757643472400029,0.0006253908692933083,0.0,0.04757653061232751,0.0353324035388322,0.06896815703769958,0.4782608695652174,1.0,0.17721518987341772,0.49858532276962075,1.0,0.051807304785894216,0.0
0.0,0.0,0.8473412698412699,0.27960530735639905,0.6322007941600016,0.0006253908692933083,0.0,0.09770408163273132,0.0353324035388322,0.06896815703769958,0.4782608695652174,1.0,0.17721518987341772,0.4947130914810344,1.0,0.05159949622166247,0.0
0.0,0.0,0.8742857142857141,0.2886026200873362,0.12789289576000099,0.0006253908692933083,0.0,0.19795918367353896,0.0353324035388322,0.06896815703769958,0.4782608695652174,1.0,0.17721518987341772,0.47307671673793106,1.0,0.1678557934508816,0.0
0.0,0.0,0.7407142857142857,0.13671481357070875,0.10959776347999961,0.0013758599124452783,0.0,0.17790816326537742,0.01879210066372567,0.06895965102733428,0.6521739130434783,0.8448810754912098,0.045569620253164564,0.2106577126886367,0.0,0.8992443324937027,0.75
1.0,0.0,0.6507936507936507,0.3953644608666443,0.0,0.0031269543464665416,0.0,0.03817761479600179,0.09171389854760698,0.09483015267554125,0.6521739130434783,0.4829369183040331,0.0,0.4222813752936006,0.38,0.05919395465994962,0.5
1.0,0.0,0.6507936507936507,0.3953644608666443,0.0,0.0031269543464665416,0.0,0.0889181136225341,0.09171389854760698,0.09483015267554125,0.6521739130434783,0.4829369183040331,0.012658227848101267,0.41989181757032473,0.38,0.05919395465994962,0.5
1.0,0.0,0.6507936507936507,0.3953644608666443,0.0,0.0031269543464665416,0.0,0.11089554239063834,0.09171389854760698,0.09483015267554125,0.6521739130434783,0.4829369183040331,0.02531645569620253,0.41982285205308334,0.38,0.05919395465994962,0.5
1.0,0.0,0.6507936507936507,0.3953644608666443,0.0,0.0031269543464665416,0.0,0.12067200112245961,0.09171389854760698,0.09483015267554125,0.6521739130434783,0.4829369183040331,0.037974683544303806,0.4176605918830834,0.3825,0.05919395465994962,0.5
1.0,0.0,0.6507936507936507,0.3953644608666443,0.0,0.0031269543464665416,0.0,0.18806558802991735,0.09171389854760698,0.09483015267554125,0.6521739130434783,0.4829369183040331,0.05063291139240507,0.4642633809023162,0.3825,0.05919395465994962,0.5
1.0,0.0,0.6507936507936507,0.3953644608666443,0.0,0.0031269543464665416,0.0,0.08007361182214534,0.09171389854760698,0.09483015267554125,0.6521739130434783,0.4829369183040331,0.0,0.4216281200691179,0.38,0.05919395465994962,0.5
1.0,0.0,0.6507936507936507,0.3953644608666443,0.0,0.0031269543464665416,0.0,0.14684193637859433,0.09171389854760698,0.09483015267554125,0.6521739130434783,0.4829369183040331,0.05063291139240507,0.4644184065809369,0.3825,0.05919395465994962,0.5
0.0,0.68,0.2598809523809524,0.9999999999999999,0.7066272425200022,0.0004752970606629143,1.0,0.16617831632660293,0.0002503783416323538,0.13791930205466857,0.30434782608695654,0.7931747673216132,0.6202531645569621,1.0,1.0,0.01133501259445844,0.25
0.0,0.68,0.23698412698412702,0.9999999999999999,0.6498240850800033,0.0004752970606629143,1.0,0.03634795918375705,0.0002503783416323538,0.13791930205466857,0.30434782608695654,0.7931747673216132,0.6202531645569621,1.0,1.0,0.01133501259445844,0.25
0.0,0.68,0.23698412698412702,0.9999999999999999,0.6498240850800033,0.0004752970606629143,1.0,0.018302040816411676,0.0002503783416323538,0.13791930205466857,0.30434782608695654,0.7931747673216132,0.6202531645569621,1.0,1.0,0.01133501259445844,0.25
0.0,0.0,0.24115079365079367,0.6640913671481357,0.5199473760000001,0.0006253908692933083,0.0,0.04757653061232751,0.038950360130647156,0.1723991275683357,0.39130434782608703,1.0,0.24050632911392406,0.5201152915436048,0.0,0.01763224181360202,0.5
0.0,0.0,0.24115079365079367,0.6640913671481357,0.5199473760000001,0.0006253908692933083,0.0,0.04757653061232751,0.038950360130647156,0.1723991275683357,0.39130434782608703,1.0,0.24050632911392406,0.5201152915436048,0.0,0.01763224181360202,0.5
0.0,0.0,0.24115079365079367,0.6640913671481357,0.5199473760000001,0.0006253908692933083,0.0,0.04757653061232751,0.038950360130647156,0.1723991275683357,0.39130434782608703,1.0,0.24050632911392406,0.5201152915436048,0.0,0.01763224181360202,0.5
0.0,0.0,0.24115079365079367,0.6640913671481357,0.5199473760000001,0.0006253908692933083,0.0,0.04757653061232751,0.038950360130647156,0.1723991275683357,0.39130434782608703,1.0,0.24050632911392406,0.5201152915436048,0.0,0.01763224181360202,0.5
0.0,0.0,0.24115079365079367,0.6640913671481357,0.5199473760000001,0.0006253908692933083,0.0,0.04757653061232751,0.038950360130647156,0.1723991275683357,0.39130434782608703,1.0,0.24050632911392406,0.5201152915436048,0.0,0.01763224181360202,0.5
0.0,0.0,0.24115079365079367,0.6640913671481357,0.5199473760000001,0.0006253908692933083,0.0,0.04757653061232751,0.038950360130647156,0.1723991275683357,0.39130434782608703,1.0,0.24050632911392406,0.5201152915436048,0.0,0.01763224181360202,0.5
0.0,0.0,0.24115079365079367,0.6640913671481357,0.5199473760000001,0.0006253908692933083,0.0,0.04757653061232751,0.038950360130647156,0.1723991275683357,0.39130434782608703,1.0,0.24050632911392406,0.5201152915436048,0.0,0.01763224181360202,0.5
1.0,0.0,0.31,0.20153342290896875,0.7881376357600001,0.005022013758599124,1.0,0.13780612244905438,0.0002503783416323538,0.06895965102733428,0.30434782608695654,1.0,0.05063291139240507,0.8092467887549426,0.0,0.021350755667506292,0.5
1.0,0.0,0.31,0.20153342290896875,0.7881376357600001,0.005022013758599124,1.0,0.13780612244905438,0.0002503783416323538,0.06895965102733428,0.30434782608695654,1.0,0.05063291139240507,0.8092467887549426,0.0,0.021350755667506292,0.5
0.0,0.0,0.24011904761904762,0.7489082969432314,0.6402223748000037,0.0006253908692933083,0.0,0.0395561224490629,0.036410530302451526,0.1723991275683357,0.39130434782608703,1.0,0.24050632911392406,0.82480694905651,0.0,0.01133501259445844,0.25
0.0,0.0,0.24115079365079367,0.6859254282835068,0.5199473760000048,0.0006253908692933083,0.0,0.0395561224490629,0.04476753918695771,0.1723991275683357,0.39130434782608703,1.0,0.24050632911392406,0.5187121716749676,0.0,0.01133501259445844,0.75
0.0,0.0,0.36059523809523814,0.1465485387974471,0.7528619791600005,0.0011652282676672921,0.0,0.0857737244898752,0.18568305689556494,0.06895965102733428,0.9130434782608696,0.6699597350568769,0.01740506329113924,0.7461410700973621,0.0,0.00503778337531486,0.0